,main_id_locality,EDA,d_la_cla,d_dla_cla,d_lo_clo,d_dlo_clo,ES,day,hour
0,22394,3.0,0.007141340332033508,0.018108594970705383,0.017091596679684073,-0.009241258544925302,0.005859375,2,15
1,338,8.0,-0.022595839843752685,-0.02474351440429956,0.07687934213867464,-0.0036489171386691055,0.0056657223796034,1,9
2,22406,3.0,-0.03192331044921559,-0.010141389062496842,-0.007119101611330336,-0.017868918505861586,0.006622516556291391,5,15
3,22402,15.0,0.04603841845703016,0.10233572070313102,-0.06531327788086116,0.04663664277343571,0.011645962732919254,5,22
4,22402,2.0,0.022345333740240392,0.014418392822257431,0.06412702973632634,0.07175642426757634,0.007246376811594203,3,19
